mscorlib.dll,System.dll,System.Core.dll,System.Xml.dll,I18N.CJK.dll,I18N.MidEast.dll,I18N.Other.dll,I18N.Rare.dll,I18N.West.dll,I18N.dll,Microsoft.CSharp.dll,System.ComponentModel.Composition.dll,System.ComponentModel.DataAnnotations.dll,System.Data.Services.Client.dll,System.Data.dll,System.IO.Compression.FileSystem.dll,System.IO.Compression.dll,System.IdentityModel.dll,System.Json.dll,System.Net.Http.WinHttpHandler.dll,System.Net.Http.dll,System.Net.dll,System.Numerics.Vectors.dll,System.Numerics.dll,System.Reflection.Context.dll,System.Runtime.CompilerServices.Unsafe.dll,System.Runtime.Serialization.dll,System.Security.dll,System.ServiceModel.Internals.dll,System.ServiceModel.Web.dll,System.ServiceModel.dll,System.Transactions.dll,System.Web.Services.dll,System.Windows.dll,System.Xml.Linq.dll,System.Xml.Serialization.dll,Date,Commit
1170944,100864,286720,0,0,0,0,0,0,0,0,0,0,0,0,0,0,0,0,0,10752,0,0,0,0,0,0,0,0,0,0,0,0,0,0,0,2019-07-17T03:39:19Z,b61a4368c0f432755bf8930d29cee07b7278025c
1170944,100864,286720,0,0,0,0,0,0,0,0,0,0,0,0,0,0,0,0,0,10752,0,0,0,0,0,0,0,0,0,0,0,0,0,0,0,2019-06-21T03:41:14Z,304899de1b3b37304cd34f2b23a0393e809a6bf9
1144832,100864,286208,0,0,0,0,0,0,0,0,0,0,0,0,0,0,0,0,0,10752,0,0,0,0,0,0,0,0,0,0,0,0,0,0,0,2019-06-08T03:34:18Z,609878dcb5f3f535ba107f2e06b684453338fa65
1144320,100864,286208,0,0,0,0,0,0,0,0,0,0,0,0,0,0,0,0,0,10752,0,0,0,0,0,0,0,0,0,0,0,0,0,0,0,2019-06-06T03:37:54Z,bf78c0474016f8dc2e2363d5c9f9772c5a32479d
1144320,100864,286208,0,0,0,0,0,0,0,0,0,0,0,0,0,0,0,0,0,10752,0,0,0,0,0,0,0,0,0,0,0,0,0,0,0,2019-05-22T03:42:00Z,80963d3a8b5a66774ff645a7dae8e2fbaa77baa8
1149952,100864,286208,0,0,0,0,0,0,0,0,0,0,0,0,0,0,0,0,0,10752,0,0,0,0,0,0,0,0,0,0,0,0,0,0,0,2019-05-11T03:26:26Z,f0d6e855efa36e2ffd0e5b34922657c4607a569a
1149952,100864,286208,0,0,0,0,0,0,0,0,0,0,0,0,0,0,0,0,0,10752,0,0,0,0,0,0,0,0,0,0,0,0,0,0,0,2019-04-27T03:37:12Z,87000b43bbbdeca817f98030c64eecc65ec68ee5
1285632,103936,306176,0,0,0,0,0,0,0,0,0,0,0,0,0,0,0,0,0,10752,0,0,0,0,0,0,0,0,0,0,0,0,0,0,0,2019-04-25T03:30:23Z,1e9ea1c6165107873164a1c8320a417acbd4a2a7
1308160,103936,306176,0,0,0,0,0,0,0,0,0,0,0,0,0,0,0,0,0,10752,0,0,0,0,0,0,0,0,0,0,0,0,0,0,0,2019-04-13T03:31:41Z,21d82e7d0b3d34c38ab388296b1cd4cb64b59ca6
1308160,103936,306176,0,0,0,0,0,0,0,0,0,0,0,0,0,0,0,0,0,10752,0,0,0,0,0,0,0,0,0,0,0,0,0,0,0,2019-04-01T03:32:40Z,df0b3ae630dded3ea962a9ce237fad96a1c2a60c
1671168,103936,306176,0,0,0,0,0,0,0,0,0,0,0,0,0,0,0,0,0,10752,0,0,0,0,0,0,0,0,0,0,0,0,0,0,0,2019-03-18T03:31:03Z,e52716f9a0468c168278592361a0a99ee0e282d4
1670144,103936,306176,0,0,0,0,0,0,0,0,0,0,0,0,0,0,0,0,0,10752,0,0,0,0,0,0,0,0,0,0,0,0,0,0,0,2019-03-16T03:30:21Z,9522ae42bbafff17ef948b5381003a448604b1d9
1668608,103936,306176,0,0,0,0,0,0,0,0,0,0,0,0,0,0,0,0,0,10752,0,0,0,0,0,0,0,0,0,0,0,0,0,0,0,2019-03-11T03:40:09Z,db6ee0108bb75e6344fbaf6d24973871c57743b5
1668096,103936,306176,0,0,0,0,0,0,0,0,0,0,0,0,0,0,0,0,0,10752,0,0,0,0,0,0,0,0,0,0,0,0,0,0,0,2019-03-08T03:38:14Z,b5daa32188f400d26d64adea2a46381ffe588ec5
1904128,584704,306688,0,0,0,0,0,0,0,0,0,0,0,0,0,0,0,0,0,11776,0,0,25600,0,0,0,0,0,0,0,0,0,0,0,0,2019-03-01T03:20:06Z,041e8741826661ae941c82993aa43a273b9de686
1904640,584704,306688,0,0,0,0,0,0,0,0,0,0,0,0,0,0,0,0,0,11776,0,0,25600,0,0,0,0,0,0,0,0,0,0,0,0,2019-02-28T03:34:09Z,ace38db5352e59fcb2935ce10f3bea99c8c38024
1903616,584704,306688,0,0,0,0,0,0,0,0,0,0,0,0,0,0,0,0,0,11776,0,0,25600,0,0,0,0,0,0,0,0,0,0,0,0,2019-02-22T03:29:12Z,66e88b1e6ba35df0109ba049809f908141a32fba
1903616,582656,306688,0,0,0,0,0,0,0,0,0,0,0,0,0,0,0,0,0,11776,0,0,25600,0,0,0,0,0,0,0,0,0,0,0,0,2019-02-20T03:24:07Z,fceb9471e25fc5215930509cc513e9c90a0e4035
1903616,584192,309248,0,0,0,0,0,0,0,0,0,0,0,0,0,0,0,0,0,11776,0,0,25600,0,0,0,0,0,0,0,0,0,0,0,0,2019-02-15T03:32:12Z,4ee073da2a1ac731d6e167933ee30e85a03fe9b9
